,seqName,start,end,clusterID,strand,type,side
0,Y,2786905,2786907,Y:2786856:-_RightNegative,-,TE,Right
1,Y,2808473,2808474,Y:2808524:-_LeftNegative,-,IG,Left
2,Y,2833840,2833841,Y:2833791:-_RightNegative,-,IN,Right
3,Y,2834882,2834884,Y:2834933:-_LeftNegative,-,IN,Left
4,Y,2844116,2844126,Y:2844176:+_LeftNegative,+,EX,Left
5,Y,2845091,2845092,Y:2845142:-_LeftNegative,-,AI,Left
6,Y,2854658,2854661,Y:2854610:+_RightNegative,+,EX,Right
7,Y,2865092,2865104,Y:2865150:+_LeftNegative,+,EX,Left
8,Y,2865262,2865266,Y:2865316:+_LeftNegative,+,IN,Left
9,Y,2866765,2866798,Y:2866824:+_LeftNegative,+,TE,Left
10,Y,2866938,2866983,Y:2866913:-_RightNegative,-,AE,Right
11,Y,2867215,2867217,Y:2867167:+_RightNegative,+,TE,Right
12,Y,2867309,2867322,Y:2867265:+_RightNegative,+,TE,Right
13,Y,2879711,2879712,Y:2879762:-_LeftNegative,-,AI,Left
14,Y,2880892,2880896,Y:2880844:+_RightNegative,+,IN,Right
15,Y,2912126,2912127,Y:2912077:-_RightNegative,-,AI,Right
16,Y,2921931,2921932,Y:2921882:-_RightNegative,-,AI,Right
17,Y,2925045,2925046,Y:2925096:+_LeftNegative,+,IN,Left
18,Y,2934359,2934368,Y:2934411:-_LeftNegative,-,TE,Left
19,Y,2934561,2934599,Y:2934525:-_RightNegative,-,TE,Right
20,Y,2954702,2954703,Y:2954753:+_LeftNegative,+,IN,Left
21,Y,2962804,2962816,Y:2962758:+_RightNegative,+,IN,Right
22,Y,2962957,2962963,Y:2962908:+_RightNegative,+,IN,Right
23,Y,2963914,2963917,Y:2963966:+_LeftNegative,+,IN,Left
24,Y,2966098,2966100,Y:2966049:-_RightNegative,-,DS,Right
25,Y,2966508,2966509,Y:2966559:+_LeftNegative,+,IN,Left
26,Y,2966510,2966535,Y:2966580:-_LeftNegative,-,DS,Left
27,Y,2966898,2966900,Y:2966850:-_RightNegative,-,TE,Right
28,Y,2970187,2970189,Y:2970239:+_LeftNegative,+,IN,Left
29,Y,2970519,2970520,Y:2970570:-_LeftNegative,-,IN,Left
30,Y,2973911,2973912,Y:2973962:-_LeftNegative,-,IN,Left
31,Y,2977270,2977271,Y:2977221:-_RightNegative,-,IN,Right
32,Y,2979057,2979059,Y:2979108:+_LeftNegative,+,TE,Left
33,Y,2980185,2980193,Y:2980243:+_LeftNegative,+,TE,Left
34,Y,2982507,2982514,Y:2982458:-_RightNegative,-,IN,Right
35,Y,2982426,2982466,Y:2982505:+_LeftNegative,+,TE,Left
36,Y,2982613,2982629,Y:2982579:+_RightNegative,+,DS,Right
37,Y,2984848,2984849,Y:2984899:+_LeftNegative,+,AI,Left
38,Y,2991642,2991643,Y:2991693:-_LeftNegative,-,IN,Left
39,Y,2994790,2994791,Y:2994741:-_RightNegative,-,IN,Right
40,Y,3005102,3005104,Y:3005054:+_RightNegative,+,IN,Right
41,Y,3022003,3022004,Y:3021954:+_RightNegative,+,IN,Right
42,Y,3024116,3024117,Y:3024067:-_RightNegative,-,AI,Right
43,Y,3073485,3073487,Y:3073537:+_LeftNegative,+,IN,Left
44,Y,3075539,3075541,Y:3075591:+_LeftNegative,+,IN,Left
45,Y,3117333,3117334,Y:3117284:+_RightNegative,+,IN,Right
46,Y,3119136,3119139,Y:3119188:+_LeftNegative,+,IN,Left
47,Y,3120311,3120316,Y:3120266:+_RightNegative,+,IN,Right
48,Y,3131531,3131533,Y:3131482:+_RightNegative,+,IN,Right
49,Y,3141152,3141175,Y:3141223:+_LeftNegative,+,IN,Left
50,Y,3181612,3181613,Y:3181663:-_LeftNegative,-,AI,Left
51,Y,3218593,3218594,Y:3218544:-_RightNegative,-,IG,Right
52,Y,3279857,3279858,Y:3279908:+_LeftNegative,+,IG,Left
53,Y,3343506,3343507,Y:3343557:+_LeftNegative,+,IG,Left
54,Y,3358605,3358606,Y:3358656:+_LeftNegative,+,IG,Left
55,Y,3374183,3374184,Y:3374134:-_RightNegative,-,IG,Right
56,Y,3385126,3385127,Y:3385077:-_RightNegative,-,IG,Right
57,Y,3499076,3499077,Y:3499127:-_LeftNegative,-,IG,Left
58,Y,3579985,3579989,Y:3580039:+_LeftNegative,+,TE,Left
59,Y,3606467,3606468,Y:3606518:+_LeftNegative,+,IG,Left
60,Y,3610263,3610264,Y:3610314:-_LeftNegative,-,IG,Left
61,Y,3654598,3654599,Y:3654649:+_LeftNegative,+,IG,Left
62,Y,3668025,3668027,Y:3667977:+_RightNegative,+,IG,Right
63,Y,3677406,3677407,Y:3677357:-_RightNegative,-,IG,Right
64,Y,3727355,3727356,Y:3727306:+_RightNegative,+,IG,Right
65,Y,3811727,3811728,Y:3811678:+_RightNegative,+,IN,Right
66,Y,3848962,3848965,Y:3849013:-_LeftNegative,-,AI,Left
67,Y,3863922,3863934,Y:3863873:+_RightNegative,+,EX,Right
68,Y,3915753,3915754,Y:3915704:+_RightNegative,+,IG,Right
69,Y,4031462,4031463,Y:4031413:-_RightNegative,-,IG,Right
70,Y,4032202,4032203,Y:4032153:-_RightNegative,-,IG,Right
71,Y,4040778,4040779,Y:4040729:-_RightNegative,-,AI,Right
72,Y,4102503,4102504,Y:4102454:+_RightNegative,+,IG,Right
73,Y,4118106,4118108,Y:4118158:+_LeftNegative,+,IG,Left
74,Y,4121157,4121166,Y:4121116:+_RightNegative,+,IG,Right
75,Y,4147756,4147757,Y:4147807:-_LeftNegative,-,IG,Left
76,Y,4152682,4152683,Y:4152733:+_LeftNegative,+,IG,Left
77,Y,4155687,4155688,Y:4155738:+_LeftNegative,+,IG,Left
78,Y,4165686,4165687,Y:4165637:+_RightNegative,+,IG,Right
79,Y,4235183,4235184,Y:4235134:-_RightNegative,-,IG,Right
80,Y,4332087,4332090,Y:4332040:+_RightNegative,+,IG,Right
81,Y,4344729,4344736,Y:4344780:-_LeftNegative,-,IG,Left
82,Y,4344836,4344884,Y:4344811:-_RightNegative,-,IG,Right
83,Y,4354929,4354930,Y:4354980:+_LeftNegative,+,IG,Left
84,Y,4408545,4408546,Y:4408596:-_LeftNegative,-,IG,Left
85,Y,4424768,4424769,Y:4424819:+_LeftNegative,+,IG,Left
86,Y,4470471,4470472,Y:4470422:-_RightNegative,-,IG,Right
87,Y,4556946,4556947,Y:4556997:-_LeftNegative,-,IG,Left
88,Y,4581769,4581770,Y:4581720:-_RightNegative,-,IG,Right
89,Y,4600254,4600255,Y:4600305:+_LeftNegative,+,IG,Left
90,Y,4656307,4656308,Y:4656258:-_RightNegative,-,IG,Right
91,Y,4692699,4692700,Y:4692650:+_RightNegative,+,IG,Right
92,Y,4788355,4788359,Y:4788406:-_LeftNegative,-,IG,Left
93,Y,4793609,4793610,Y:4793660:+_LeftNegative,+,IG,Left
94,Y,4795114,4795115,Y:4795065:+_RightNegative,+,IG,Right
95,Y,4820623,4820624,Y:4820574:-_RightNegative,-,IG,Right
96,Y,4840540,4840541,Y:4840491:+_RightNegative,+,IG,Right
97,Y,4847104,4847105,Y:4847155:-_LeftNegative,-,IG,Left
98,Y,4861254,4861255,Y:4861305:-_LeftNegative,-,IG,Left
99,Y,4908195,4908196,Y:4908146:-_RightNegative,-,IG,Right
100,Y,4911592,4911593,Y:4911543:-_RightNegative,-,IG,Right
101,Y,4935323,4935324,Y:4935274:-_RightNegative,-,IG,Right
102,Y,4936798,4936799,Y:4936849:-_LeftNegative,-,IG,Left
103,Y,4980345,4980346,Y:4980296:-_RightNegative,-,IG,Right
104,Y,5003482,5003483,Y:5003433:+_RightNegative,+,IN,Right
105,Y,5006653,5006673,Y:5006623:+_RightNegative,+,IN,Right
106,Y,5054858,5054859,Y:5054909:-_LeftNegative,-,AI,Left
107,Y,5100217,5100218,Y:5100268:+_LeftNegative,+,TE,Left
108,Y,5109131,5109145,Y:5109086:+_RightNegative,+,IN,Right
109,Y,5113146,5113158,Y:5113100:+_RightNegative,+,IN,Right
110,Y,5160224,5160225,Y:5160275:+_LeftNegative,+,IN,Left
111,Y,5272879,5272880,Y:5272830:+_RightNegative,+,IN,Right
112,Y,5357969,5357970,Y:5357920:-_RightNegative,-,AI,Right
113,Y,5366759,5366760,Y:5366710:-_RightNegative,-,AI,Right
114,Y,5393607,5393625,Y:5393658:-_LeftNegative,-,AI,Left
115,Y,5402588,5402589,Y:5402639:-_LeftNegative,-,AI,Left
116,Y,5450590,5450592,Y:5450542:+_RightNegative,+,IN,Right
117,Y,5470085,5470086,Y:5470036:-_RightNegative,-,AI,Right
118,Y,5483447,5483448,Y:5483498:-_LeftNegative,-,AI,Left
119,Y,5516172,5516174,Y:5516223:-_LeftNegative,-,AI,Left
120,Y,5557581,5557582,Y:5557632:-_LeftNegative,-,AI,Left
121,Y,5588488,5588489,Y:5588539:-_LeftNegative,-,AI,Left
122,Y,5612497,5612498,Y:5612448:-_RightNegative,-,AI,Right
123,Y,5618712,5618713,Y:5618663:+_RightNegative,+,IN,Right
124,Y,5646620,5646621,Y:5646671:+_LeftNegative,+,IN,Left
125,Y,5798800,5798801,Y:5798751:+_RightNegative,+,IG,Right
126,Y,5802012,5802013,Y:5802063:-_LeftNegative,-,IG,Left
127,Y,5913324,5913326,Y:5913276:+_RightNegative,+,IG,Right
128,Y,5917624,5917625,Y:5917675:+_LeftNegative,+,IG,Left
129,Y,5946038,5946047,Y:5945995:+_RightNegative,+,IG,Right
130,Y,5976394,5976395,Y:5976445:+_LeftNegative,+,IG,Left
131,Y,5978128,5978129,Y:5978179:+_LeftNegative,+,IG,Left
132,Y,6064391,6064392,Y:6064442:-_LeftNegative,-,IG,Left
133,Y,6067623,6067624,Y:6067574:-_RightNegative,-,IG,Right
134,Y,6128490,6128491,Y:6128541:-_LeftNegative,-,IG,Left
135,Y,6145619,6145620,Y:6145570:-_RightNegative,-,IG,Right
136,Y,6152587,6152588,Y:6152638:-_LeftNegative,-,IG,Left
137,Y,6176344,6176345,Y:6176395:+_LeftNegative,+,IG,Left
138,Y,6276352,6276353,Y:6276403:+_LeftNegative,+,IG,Left
139,Y,6344183,6344184,Y:6344234:-_LeftNegative,-,IG,Left
140,Y,6360572,6360573,Y:6360523:+_RightNegative,+,AI,Right
141,Y,6384484,6384485,Y:6384435:-_RightNegative,-,IG,Right
142,Y,6557682,6557683,Y:6557633:+_RightNegative,+,IG,Right
143,Y,6784490,6784493,Y:6784441:+_RightNegative,+,IG,Right
144,Y,6793994,6793995,Y:6794045:-_LeftNegative,-,IG,Left
145,Y,6807730,6807731,Y:6807781:+_LeftNegative,+,IG,Left
146,Y,6830728,6830729,Y:6830779:-_LeftNegative,-,IG,Left
147,Y,6865868,6865869,Y:6865919:-_LeftNegative,-,TE,Left
148,Y,6866860,6866861,Y:6866811:-_RightNegative,-,IN,Right
149,Y,6887575,6887576,Y:6887526:-_RightNegative,-,IN,Right
150,Y,6901317,6901320,Y:6901368:+_LeftNegative,+,TE,Left
151,Y,6908607,6908608,Y:6908658:-_LeftNegative,-,IN,Left
152,Y,6918617,6918618,Y:6918568:-_RightNegative,-,AI,Right
153,Y,6919943,6919944,Y:6919894:+_RightNegative,+,TE,Right
154,Y,6920370,6920371,Y:6920421:+_LeftNegative,+,TE,Left
155,Y,6920474,6920475,Y:6920425:-_RightNegative,-,AI,Right
156,Y,6920503,6920542,Y:6920474:+_RightNegative,+,TE,Right
157,Y,6947407,6947408,Y:6947458:+_LeftNegative,+,IN,Left
158,Y,7044714,7044715,Y:7044665:-_RightNegative,-,AI,Right
159,Y,7074899,7074900,Y:7074950:-_LeftNegative,-,AI,Left
160,Y,7092164,7092165,Y:7092215:+_LeftNegative,+,IN,Left
161,Y,7092387,7092389,Y:7092338:+_RightNegative,+,IN,Right
162,Y,7095222,7095225,Y:7095175:+_RightNegative,+,IN,Right
163,Y,7101918,7101920,Y:7101969:+_LeftNegative,+,TE,Left
164,Y,7102074,7102075,Y:7102025:+_RightNegative,+,DS,Right
165,Y,7242501,7242502,Y:7242452:-_RightNegative,-,IG,Right
166,Y,7290644,7290678,Y:7290715:-_LeftNegative,-,AI,Left
167,Y,7290777,7290809,Y:7290751:+_RightNegative,+,IN,Right
168,Y,7327933,7327938,Y:7327984:-_LeftNegative,-,AI,Left
169,Y,7329879,7329883,Y:7329932:+_LeftNegative,+,IN,Left
170,Y,7334000,7334004,Y:7333951:+_RightNegative,+,IN,Right
171,Y,7335934,7335952,Y:7336002:+_LeftNegative,+,IN,Left
172,Y,7355177,7355178,Y:7355228:-_LeftNegative,-,AI,Left
173,Y,7373140,7373166,Y:7373111:+_RightNegative,+,IN,Right
174,Y,7375885,7375893,Y:7375939:+_LeftNegative,+,TE,Left
175,Y,7376143,7376156,Y:7376103:+_RightNegative,+,TE,Right
176,Y,7376371,7376377,Y:7376427:+_LeftNegative,+,TE,Left
177,Y,7379534,7379535,Y:7379485:+_RightNegative,+,TE,Right
178,Y,7381571,7381602,Y:7381545:+_RightNegative,+,TE,Right
179,Y,7417538,7417539,Y:7417589:-_LeftNegative,-,IG,Left
180,Y,7417658,7417659,Y:7417609:+_RightNegative,+,IG,Right
181,Y,7430867,7430868,Y:7430918:+_LeftNegative,+,IG,Left
182,Y,7454551,7454552,Y:7454502:-_RightNegative,-,IG,Right
183,Y,7492197,7492203,Y:7492148:-_RightNegative,-,IG,Right
184,Y,7641512,7641513,Y:7641563:+_LeftNegative,+,IG,Left
185,Y,7643018,7643019,Y:7642969:-_RightNegative,-,IG,Right
186,Y,7648138,7648140,Y:7648189:-_LeftNegative,-,IG,Left
187,Y,7652677,7652678,Y:7652728:-_LeftNegative,-,IG,Left
188,Y,7653465,7653471,Y:7653516:-_LeftNegative,-,IG,Left
189,Y,7716019,7716020,Y:7715970:+_RightNegative,+,AI,Right
190,Y,7717131,7717132,Y:7717082:+_RightNegative,+,AI,Right
191,Y,7742639,7742650,Y:7742597:-_RightNegative,-,TE,Right
192,Y,7773207,7773208,Y:7773158:-_RightNegative,-,IN,Right
193,Y,7778925,7778927,Y:7778877:-_RightNegative,-,IN,Right
194,Y,7786856,7786857,Y:7786907:-_LeftNegative,-,IN,Left
195,Y,7810055,7810059,Y:7810106:+_LeftNegative,+,TE,Left
196,Y,7814371,7814372,Y:7814422:+_LeftNegative,+,IG,Left
197,Y,7856749,7856750,Y:7856800:+_LeftNegative,+,IG,Left
198,Y,7857015,7857016,Y:7856966:+_RightNegative,+,IG,Right
199,Y,7878024,7878025,Y:7877975:-_RightNegative,-,IG,Right
200,Y,7915701,7915702,Y:7915752:+_LeftNegative,+,IG,Left
201,Y,7943877,7943878,Y:7943828:-_RightNegative,-,IG,Right
202,Y,8000900,8000901,Y:8000951:+_LeftNegative,+,IG,Left
203,Y,8048820,8048821,Y:8048771:-_RightNegative,-,IG,Right
204,Y,8069944,8069945,Y:8069995:-_LeftNegative,-,TE,Left
205,Y,8118520,8118521,Y:8118471:-_RightNegative,-,IN,Right
206,Y,8143023,8143024,Y:8143074:-_LeftNegative,-,AI,Left
207,Y,8152316,8152317,Y:8152267:+_RightNegative,+,IG,Right
208,Y,8161545,8161546,Y:8161596:-_LeftNegative,-,IG,Left
209,Y,8186850,8186851,Y:8186901:+_LeftNegative,+,IG,Left
210,Y,8218062,8218064,Y:8218013:-_RightNegative,-,IG,Right
211,Y,8226962,8226970,Y:8226920:+_RightNegative,+,IG,Right
212,Y,8236266,8236267,Y:8236317:+_LeftNegative,+,IG,Left
213,Y,8264235,8264236,Y:8264286:+_LeftNegative,+,IG,Left
214,Y,8371634,8371642,Y:8371586:+_RightNegative,+,IG,Right
215,Y,8371614,8371616,Y:8371665:-_LeftNegative,-,AU,Left
216,Y,8381270,8381272,Y:8381221:+_RightNegative,+,IG,Right
217,Y,8402323,8402324,Y:8402274:-_RightNegative,-,IG,Right
218,Y,8402778,8402780,Y:8402830:+_LeftNegative,+,IG,Left
219,Y,8419039,8419040,Y:8419090:-_LeftNegative,-,TE,Left
220,Y,8459674,8459676,Y:8459725:+_LeftNegative,+,IG,Left
221,Y,8505393,8505394,Y:8505444:+_LeftNegative,+,IG,Left
222,Y,8522873,8522874,Y:8522824:-_RightNegative,-,IG,Right
223,Y,8581597,8581598,Y:8581648:+_LeftNegative,+,IN,Left
224,Y,8591477,8591478,Y:8591528:-_LeftNegative,-,AI,Left
225,Y,8633924,8633926,Y:8633976:-_LeftNegative,-,AI,Left
226,Y,8636682,8636684,Y:8636734:-_LeftNegative,-,AI,Left
227,Y,8650427,8650451,Y:8650497:+_LeftNegative,+,IN,Left
228,Y,8704045,8704054,Y:8704103:-_LeftNegative,-,AI,Left
229,Y,8721720,8721722,Y:8721772:-_LeftNegative,-,IG,Left
230,Y,8729508,8729509,Y:8729459:-_RightNegative,-,IG,Right
231,Y,8736111,8736112,Y:8736162:+_LeftNegative,+,IG,Left
232,Y,8757690,8757691,Y:8757741:-_LeftNegative,-,IG,Left
233,Y,8786190,8786191,Y:8786241:+_LeftNegative,+,AI,Left
234,Y,8840159,8840160,Y:8840110:-_RightNegative,-,IG,Right
235,Y,8937661,8937662,Y:8937612:-_RightNegative,-,IG,Right
236,Y,8940565,8940574,Y:8940524:+_RightNegative,+,IG,Right
237,Y,8961576,8961578,Y:8961628:-_LeftNegative,-,IG,Left
238,Y,8967291,8967292,Y:8967342:-_LeftNegative,-,IG,Left
239,Y,9140909,9140910,Y:9140960:-_LeftNegative,-,IG,Left
240,Y,9141987,9142001,Y:9141951:+_RightNegative,+,IG,Right
241,Y,9179220,9179221,Y:9179171:-_RightNegative,-,IG,Right
242,Y,9189459,9189460,Y:9189410:-_RightNegative,-,DS,Right
243,Y,9201637,9201646,Y:9201588:-_RightNegative,-,EX,Right
244,Y,9224143,9224145,Y:9224095:-_RightNegative,-,IG,Right
245,Y,9262547,9262548,Y:9262498:-_RightNegative,-,IG,Right
246,Y,9297919,9297920,Y:9297870:-_RightNegative,-,IG,Right
247,Y,9300815,9300817,Y:9300766:-_RightNegative,-,IG,Right
248,Y,9323134,9323137,Y:9323187:+_LeftNegative,+,AU,Left
249,Y,9462484,9462485,Y:9462435:-_RightNegative,-,EX,Right
250,Y,9530623,9530625,Y:9530675:+_LeftNegative,+,TE,Left
251,Y,9538096,9538098,Y:9538048:+_RightNegative,+,IG,Right
252,Y,9542176,9542177,Y:9542127:+_RightNegative,+,IG,Right
253,Y,9743344,9743345,Y:9743395:-_LeftNegative,-,AI,Left
254,Y,9781375,9781376,Y:9781426:-_LeftNegative,-,IG,Left
255,Y,9801523,9801524,Y:9801574:-_LeftNegative,-,AI,Left
256,Y,9829308,9829309,Y:9829359:+_LeftNegative,+,IN,Left
257,Y,9933365,9933369,Y:9933416:-_LeftNegative,-,IG,Left
258,Y,9949218,9949219,Y:9949169:-_RightNegative,-,IG,Right
259,Y,9969141,9969142,Y:9969192:-_LeftNegative,-,IN,Left
260,Y,10043965,10043966,Y:10043916:+_RightNegative,+,IG,Right
261,Y,10051240,10051241,Y:10051191:-_RightNegative,-,IG,Right
262,Y,10093604,10093605,Y:10093555:-_RightNegative,-,IG,Right
263,Y,10101437,10101438,Y:10101388:+_RightNegative,+,IG,Right
264,Y,10103975,10103976,Y:10104026:+_LeftNegative,+,IG,Left
265,Y,10181915,10181916,Y:10181966:-_LeftNegative,-,IG,Left
266,Y,10187012,10187013,Y:10187063:-_LeftNegative,-,IG,Left
267,Y,10188635,10188636,Y:10188686:-_LeftNegative,-,IG,Left
268,Y,10194684,10194685,Y:10194735:-_LeftNegative,-,IG,Left
269,Y,10216690,10216691,Y:10216641:+_RightNegative,+,IG,Right
270,Y,10809158,10809159,Y:10809109:-_RightNegative,-,IG,Right
271,Y,10885419,10885420,Y:10885370:-_RightNegative,-,IG,Right
272,Y,11070995,11070996,Y:11071046:-_LeftNegative,-,IG,Left
273,Y,11162805,11162812,Y:11162856:-_LeftNegative,-,TE,Left
274,Y,11163033,11163034,Y:11162984:-_RightNegative,-,TE,Right
275,Y,11163363,11163364,Y:11163314:-_RightNegative,-,IN,Right
276,Y,11165075,11165077,Y:11165126:-_LeftNegative,-,IN,Left
277,Y,11165901,11165902,Y:11165952:-_LeftNegative,-,IN,Left
278,Y,11266559,11266560,Y:11266610:+_LeftNegative,+,IG,Left
279,Y,11314021,11314022,Y:11314072:-_LeftNegative,-,AU,Left
280,Y,11314146,11314147,Y:11314097:-_RightNegative,-,AU,Right
281,Y,11334846,11334847,Y:11334797:-_RightNegative,-,AU,Right
282,Y,11335165,11335166,Y:11335116:+_RightNegative,+,IG,Right
283,Y,11338048,11338049,Y:11338099:-_LeftNegative,-,IG,Left
284,Y,11338193,11338194,Y:11338144:+_RightNegative,+,DS,Right
285,Y,11368986,11368987,Y:11369037:-_LeftNegative,-,EX,Left
286,Y,11382543,11382544,Y:11382494:+_RightNegative,+,AI,Right
287,Y,11390109,11390110,Y:11390160:+_LeftNegative,+,IG,Left
288,Y,11391260,11391261,Y:11391311:-_LeftNegative,-,IG,Left
289,Y,11394119,11394120,Y:11394070:+_RightNegative,+,IG,Right
290,Y,11418814,11418824,Y:11418872:+_LeftNegative,+,DS,Left
291,Y,11452281,11452282,Y:11452332:-_LeftNegative,-,IG,Left
292,Y,11468558,11468559,Y:11468609:-_LeftNegative,-,IG,Left
293,Y,11787117,11787118,Y:11787068:-_RightNegative,-,IG,Right
294,Y,11814883,11814884,Y:11814834:-_RightNegative,-,IG,Right
295,Y,11871551,11871552,Y:11871602:+_LeftNegative,+,IG,Left
296,Y,11912303,11912305,Y:11912355:-_LeftNegative,-,IG,Left
297,Y,11924808,11924809,Y:11924759:+_RightNegative,+,AU,Right
298,Y,12013573,12013574,Y:12013624:+_LeftNegative,+,IG,Left
299,Y,12082269,12082270,Y:12082220:+_RightNegative,+,IG,Right
300,Y,12085874,12085883,Y:12085925:-_LeftNegative,-,IG,Left
301,Y,12087752,12087753,Y:12087703:-_RightNegative,-,DS,Right
302,Y,12089624,12089625,Y:12089575:+_RightNegative,+,AI,Right
303,Y,12111535,12111536,Y:12111586:-_LeftNegative,-,IN,Left
304,Y,12122856,12122857,Y:12122807:+_RightNegative,+,AI,Right
305,Y,12146792,12146795,Y:12146743:-_RightNegative,-,IN,Right
306,Y,12159969,12159977,Y:12160027:-_LeftNegative,-,IN,Left
307,Y,12205638,12205645,Y:12205689:-_LeftNegative,-,IN,Left
308,Y,12207970,12207983,Y:12207933:-_RightNegative,-,IN,Right
309,Y,12291119,12291120,Y:12291070:+_RightNegative,+,AI,Right
310,Y,12306656,12306657,Y:12306707:+_LeftNegative,+,AI,Left
311,Y,12317785,12317787,Y:12317836:-_LeftNegative,-,IN,Left
312,Y,12326435,12326438,Y:12326387:-_RightNegative,-,IN,Right
313,Y,12340192,12340193,Y:12340143:-_RightNegative,-,IN,Right
314,Y,12346137,12346138,Y:12346188:-_LeftNegative,-,IN,Left
315,Y,12353586,12353602,Y:12353552:-_RightNegative,-,IN,Right
316,Y,12361522,12361527,Y:12361477:-_RightNegative,-,IN,Right
317,Y,12368150,12368151,Y:12368101:-_RightNegative,-,IN,Right
318,Y,12374534,12374536,Y:12374486:-_RightNegative,-,IN,Right
319,Y,12375965,12375966,Y:12376016:-_LeftNegative,-,IN,Left
320,Y,12378475,12378495,Y:12378538:-_LeftNegative,-,IN,Left
321,Y,12379142,12379145,Y:12379193:-_LeftNegative,-,IN,Left
322,Y,12388892,12388894,Y:12388843:-_RightNegative,-,IN,Right
323,Y,12402284,12402287,Y:12402235:-_RightNegative,-,IN,Right
324,Y,12403864,12403865,Y:12403915:+_LeftNegative,+,AI,Left
325,Y,12406166,12406168,Y:12406118:-_RightNegative,-,IN,Right
326,Y,12406488,12406489,Y:12406539:+_LeftNegative,+,AI,Left
327,Y,12420496,12420503,Y:12420447:-_RightNegative,-,EX,Right
328,Y,12455704,12455705,Y:12455655:-_RightNegative,-,IN,Right
329,Y,12467297,12467298,Y:12467248:-_RightNegative,-,IN,Right
330,Y,12499501,12499502,Y:12499452:-_RightNegative,-,IN,Right
331,Y,12564959,12564965,Y:12565014:-_LeftNegative,-,AI,Left
332,Y,12619650,12619651,Y:12619601:+_RightNegative,+,IN,Right
333,Y,12650607,12650608,Y:12650658:+_LeftNegative,+,IN,Left
334,Y,12657156,12657157,Y:12657107:-_RightNegative,-,AI,Right
335,Y,12661211,12661227,Y:12661268:-_LeftNegative,-,DS,Left
336,Y,12661353,12661373,Y:12661316:-_RightNegative,-,TE,Right
337,Y,12662536,12662537,Y:12662587:+_LeftNegative,+,EX,Left
338,Y,12665182,12665183,Y:12665233:+_LeftNegative,+,IN,Left
339,Y,12665327,12665333,Y:12665283:+_RightNegative,+,IN,Right
340,Y,12683905,12683907,Y:12683956:+_LeftNegative,+,IN,Left
341,Y,12688217,12688230,Y:12688273:+_LeftNegative,+,TE,Left
342,Y,12688520,12688556,Y:12688471:+_RightNegative,+,TE,Right
343,Y,12689938,12689939,Y:12689889:+_RightNegative,+,TE,Right
344,Y,12690710,12690752,Y:12690783:+_LeftNegative,+,TE,Left
345,Y,12692166,12692202,Y:12692252:+_LeftNegative,+,TE,Left
346,Y,12699423,12699424,Y:12699374:+_RightNegative,+,IN,Right
347,Y,12704899,12704900,Y:12704950:-_LeftNegative,-,AI,Left
348,Y,12736045,12736046,Y:12736096:+_LeftNegative,+,EX,Left
349,Y,12750036,12750037,Y:12750087:-_LeftNegative,-,AI,Left
350,Y,12751029,12751030,Y:12750980:-_RightNegative,-,AI,Right
351,Y,12752498,12752510,Y:12752450:-_RightNegative,-,AI,Right
352,Y,12763187,12763188,Y:12763238:+_LeftNegative,+,IN,Left
353,Y,12807265,12807266,Y:12807316:-_LeftNegative,-,AI,Left
354,Y,12824521,12824522,Y:12824472:+_RightNegative,+,IN,Right
355,Y,12838940,12838941,Y:12838891:+_RightNegative,+,IN,Right
356,Y,12856815,12856832,Y:12856876:+_LeftNegative,+,EX,Left
357,Y,12859200,12859201,Y:12859151:-_RightNegative,-,AI,Right
358,Y,12860114,12860115,Y:12860165:+_LeftNegative,+,TE,Left
359,Y,12860343,12860344,Y:12860394:-_LeftNegative,-,AE,Left
360,Y,12860465,12860484,Y:12860417:-_RightNegative,-,AE,Right
361,Y,12860718,12860751,Y:12860779:-_LeftNegative,-,AE,Left
362,Y,12860762,12860803,Y:12860838:+_LeftNegative,+,TE,Left
363,Y,12861019,12861020,Y:12860970:-_RightNegative,-,IG,Right
364,Y,12877747,12877762,Y:12877698:+_RightNegative,+,IG,Right
365,Y,12883031,12883032,Y:12882982:-_RightNegative,-,IG,Right
366,Y,12902895,12902896,Y:12902846:+_RightNegative,+,IG,Right
367,Y,12904624,12904626,Y:12904576:+_RightNegative,+,IN,Right
368,Y,12906977,12906978,Y:12907028:-_LeftNegative,-,AI,Left
369,Y,12910430,12910431,Y:12910381:-_RightNegative,-,AI,Right
370,Y,12912004,12912006,Y:12911955:+_RightNegative,+,EX,Right
371,Y,12913841,12913843,Y:12913792:+_RightNegative,+,TE,Right
372,Y,12915843,12915845,Y:12915894:+_LeftNegative,+,EX,Left
373,Y,12916243,12916244,Y:12916294:+_LeftNegative,+,TE,Left
374,Y,12916462,12916464,Y:12916413:+_RightNegative,+,EX,Right
375,Y,12918309,12918310,Y:12918260:+_RightNegative,+,TE,Right
376,Y,12918568,12918617,Y:12918536:+_RightNegative,+,TE,Right
377,Y,12920300,12920323,Y:12920358:+_LeftNegative,+,TE,Left
378,Y,12920378,12920394,Y:12920429:-_LeftNegative,-,AE,Left
379,Y,12920502,12920539,Y:12920478:+_RightNegative,+,TE,Right
380,Y,12938847,12938853,Y:12938903:+_LeftNegative,+,AI,Left
381,Y,12940061,12940062,Y:12940012:+_RightNegative,+,AI,Right
382,Y,12984081,12984082,Y:12984032:+_RightNegative,+,IG,Right
383,Y,12994434,12994435,Y:12994485:-_LeftNegative,-,IG,Left
384,Y,13001286,13001287,Y:13001337:-_LeftNegative,-,IG,Left
385,Y,13010467,13010468,Y:13010418:+_RightNegative,+,IG,Right
386,Y,13051672,13051673,Y:13051723:+_LeftNegative,+,IG,Left
387,Y,13062135,13062136,Y:13062186:-_LeftNegative,-,IG,Left
388,Y,13097679,13097680,Y:13097730:+_LeftNegative,+,IG,Left
389,Y,13123329,13123330,Y:13123380:-_LeftNegative,-,IG,Left
390,Y,13124649,13124650,Y:13124600:-_RightNegative,-,IG,Right
391,Y,13130527,13130528,Y:13130478:-_RightNegative,-,IG,Right
392,Y,13149683,13149690,Y:13149740:+_LeftNegative,+,IG,Left
393,Y,13162288,13162289,Y:13162339:+_LeftNegative,+,AU,Left
394,Y,13190884,13190887,Y:13190837:-_RightNegative,-,IG,Right
395,Y,13200096,13200097,Y:13200047:-_RightNegative,-,IG,Right
396,Y,13205475,13205476,Y:13205526:-_LeftNegative,-,IG,Left
397,Y,13208646,13208647,Y:13208697:+_LeftNegative,+,IG,Left
398,Y,13213106,13213107,Y:13213157:+_LeftNegative,+,IG,Left
399,Y,13219080,13219081,Y:13219031:+_RightNegative,+,IG,Right
400,Y,13221291,13221293,Y:13221343:-_LeftNegative,-,IG,Left
401,Y,13229842,13229843,Y:13229793:-_RightNegative,-,IG,Right
402,Y,13233787,13233794,Y:13233844:-_LeftNegative,-,IG,Left
403,Y,13233946,13233959,Y:13233898:-_RightNegative,-,IG,Right
404,Y,13234626,13234659,Y:13234582:-_RightNegative,-,IG,Right
405,Y,13235548,13235579,Y:13235520:-_RightNegative,-,IG,Right
406,Y,13236091,13236092,Y:13236142:+_LeftNegative,+,IG,Left
407,Y,13236449,13236453,Y:13236400:-_RightNegative,-,IG,Right
408,Y,13244372,13244395,Y:13244441:-_LeftNegative,-,IG,Left
409,Y,13244709,13244724,Y:13244673:-_RightNegative,-,IG,Right
410,Y,13245402,13245409,Y:13245354:-_RightNegative,-,IG,Right
411,Y,13248327,13248355,Y:13248386:-_LeftNegative,-,TE,Left
412,Y,13248472,13248508,Y:13248439:-_RightNegative,-,TE,Right
413,Y,13249095,13249097,Y:13249046:-_RightNegative,-,TE,Right
414,Y,13249295,13249296,Y:13249246:-_RightNegative,-,TE,Right
415,Y,13271287,13271288,Y:13271238:-_RightNegative,-,IN,Right
416,Y,13271409,13271433,Y:13271360:-_RightNegative,-,IN,Right
417,Y,13287504,13287505,Y:13287555:+_LeftNegative,+,DS,Left
418,Y,13290062,13290063,Y:13290013:+_RightNegative,+,AI,Right
419,Y,13297302,13297307,Y:13297257:-_RightNegative,-,IN,Right
420,Y,13297457,13297460,Y:13297510:-_LeftNegative,-,TE,Left
421,Y,13300636,13300637,Y:13300587:-_RightNegative,-,IN,Right
422,Y,13322101,13322104,Y:13322052:-_RightNegative,-,IN,Right
423,Y,13322616,13322617,Y:13322667:-_LeftNegative,-,IN,Left
424,Y,13322975,13323009,Y:13323035:-_LeftNegative,-,TE,Left
425,Y,13323109,13323130,Y:13323060:+_RightNegative,+,AE,Right
426,Y,13335935,13335936,Y:13335986:+_LeftNegative,+,AE,Left
427,Y,13345444,13345448,Y:13345498:+_LeftNegative,+,AI,Left
428,Y,13348349,13348361,Y:13348400:-_LeftNegative,-,IN,Left
429,Y,13351623,13351626,Y:13351675:-_LeftNegative,-,IN,Left
430,Y,13355345,13355346,Y:13355396:-_LeftNegative,-,EX,Left
431,Y,13360820,13360825,Y:13360775:+_RightNegative,+,AI,Right
432,Y,13367581,13367582,Y:13367632:-_LeftNegative,-,IN,Left
433,Y,13385411,13385412,Y:13385462:-_LeftNegative,-,IN,Left
434,Y,13387149,13387158,Y:13387200:-_LeftNegative,-,IN,Left
435,Y,13388917,13388919,Y:13388869:-_RightNegative,-,IN,Right
436,Y,13393186,13393194,Y:13393140:-_RightNegative,-,IN,Right
437,Y,13394464,13394466,Y:13394516:-_LeftNegative,-,IN,Left
438,Y,13396351,13396356,Y:13396302:-_RightNegative,-,TE,Right
439,Y,13402232,13402233,Y:13402183:+_RightNegative,+,AI,Right
440,Y,13408249,13408250,Y:13408300:+_LeftNegative,+,AI,Left
441,Y,13414836,13414839,Y:13414789:-_RightNegative,-,EX,Right
442,Y,13419535,13419536,Y:13419586:-_LeftNegative,-,IN,Left
443,Y,13423215,13423216,Y:13423266:-_LeftNegative,-,IN,Left
444,Y,13453454,13453477,Y:13453521:-_LeftNegative,-,IN,Left
445,Y,13466401,13466402,Y:13466352:-_RightNegative,-,IN,Right
446,Y,13467764,13467765,Y:13467815:+_LeftNegative,+,AI,Left
447,Y,13475182,13475183,Y:13475133:-_RightNegative,-,IN,Right
448,Y,13476107,13476108,Y:13476058:-_RightNegative,-,IN,Right
449,Y,13476387,13476395,Y:13476438:-_LeftNegative,-,IN,Left
450,Y,13477034,13477039,Y:13477085:-_LeftNegative,-,IN,Left
451,Y,13477585,13477586,Y:13477636:+_LeftNegative,+,AI,Left
452,Y,13477918,13477919,Y:13477869:-_RightNegative,-,IN,Right
453,Y,13480303,13480317,Y:13480261:+_RightNegative,+,AE,Right
454,Y,13489561,13489569,Y:13489519:+_RightNegative,+,IG,Right
455,Y,13496013,13496014,Y:13495964:-_RightNegative,-,IG,Right
456,Y,13500992,13500993,Y:13500943:+_RightNegative,+,IG,Right
457,Y,13548126,13548127,Y:13548077:+_RightNegative,+,IG,Right
458,Y,13568535,13568536,Y:13568486:-_RightNegative,-,IG,Right
459,Y,13618067,13618068,Y:13618118:-_LeftNegative,-,IG,Left
460,Y,13648865,13648867,Y:13648816:-_RightNegative,-,IG,Right
461,Y,13703563,13703566,Y:13703514:+_RightNegative,+,IG,Right
462,Y,13704936,13704937,Y:13704987:+_LeftNegative,+,IN,Left
463,Y,13705503,13705528,Y:13705578:+_LeftNegative,+,TE,Left
464,Y,13705695,13705704,Y:13705651:+_RightNegative,+,TE,Right
465,Y,13705736,13705744,Y:13705790:+_LeftNegative,+,TE,Left
466,Y,13705945,13705946,Y:13705996:+_LeftNegative,+,TE,Left
467,Y,13706058,13706092,Y:13706033:+_RightNegative,+,TE,Right
468,Y,13707590,13707604,Y:13707652:+_LeftNegative,+,IN,Left
469,Y,13708889,13708890,Y:13708940:+_LeftNegative,+,IN,Left
470,Y,13758170,13758172,Y:13758222:-_LeftNegative,-,AI,Left
471,Y,13794256,13794257,Y:13794207:+_RightNegative,+,IN,Right
472,Y,13806315,13806317,Y:13806366:+_LeftNegative,+,IN,Left
473,Y,13816288,13816289,Y:13816239:-_RightNegative,-,AI,Right
474,Y,13843886,13843887,Y:13843837:+_RightNegative,+,IN,Right
475,Y,13888891,13888892,Y:13888942:+_LeftNegative,+,TE,Left
476,Y,13889056,13889060,Y:13889010:+_RightNegative,+,IN,Right
477,Y,13901278,13901280,Y:13901230:-_RightNegative,-,AI,Right
478,Y,13917926,13917929,Y:13917877:+_RightNegative,+,IG,Right
479,Y,13974560,13974561,Y:13974511:+_RightNegative,+,IG,Right
480,Y,13985822,13985823,Y:13985773:-_RightNegative,-,TE,Right
481,Y,14085963,14085964,Y:14085914:+_RightNegative,+,IN,Right
482,Y,14093964,14093965,Y:14093915:-_RightNegative,-,IG,Right
483,Y,14127703,14127704,Y:14127754:-_LeftNegative,-,IG,Left
484,Y,14186669,14186670,Y:14186720:-_LeftNegative,-,IG,Left
485,Y,14186807,14186808,Y:14186758:-_RightNegative,-,IG,Right
486,Y,14190705,14190706,Y:14190756:-_LeftNegative,-,IG,Left
487,Y,14196376,14196377,Y:14196427:-_LeftNegative,-,IG,Left
488,Y,14199497,14199498,Y:14199548:-_LeftNegative,-,IG,Left
489,Y,14208496,14208497,Y:14208547:+_LeftNegative,+,IG,Left
490,Y,14225230,14225231,Y:14225181:-_RightNegative,-,IG,Right
491,Y,14240792,14240793,Y:14240743:+_RightNegative,+,IG,Right
492,Y,14254787,14254788,Y:14254838:+_LeftNegative,+,IG,Left
493,Y,14419012,14419013,Y:14419063:+_LeftNegative,+,IG,Left
494,Y,14426040,14426041,Y:14426091:-_LeftNegative,-,IG,Left
495,Y,14446539,14446540,Y:14446490:-_RightNegative,-,IG,Right
496,Y,14453943,14453944,Y:14453994:-_LeftNegative,-,IG,Left
497,Y,14464748,14464749,Y:14464699:+_RightNegative,+,IG,Right
498,Y,14475254,14475259,Y:14475307:-_LeftNegative,-,IG,Left
499,Y,14548033,14548034,Y:14547984:+_RightNegative,+,IN,Right
500,Y,14625928,14625938,Y:14625883:-_RightNegative,-,AI,Right
501,Y,14632397,14632398,Y:14632448:+_LeftNegative,+,IN,Left
502,Y,14636369,14636370,Y:14636320:+_RightNegative,+,IN,Right
503,Y,14653312,14653313,Y:14653363:-_LeftNegative,-,AI,Left
504,Y,14663777,14663778,Y:14663828:-_LeftNegative,-,AI,Left
505,Y,14739752,14739766,Y:14739716:+_RightNegative,+,IN,Right
506,Y,14740346,14740348,Y:14740397:+_LeftNegative,+,IN,Left
507,Y,14742733,14742735,Y:14742685:+_RightNegative,+,IN,Right
508,Y,14742796,14742809,Y:14742748:+_RightNegative,+,IN,Right
509,Y,14748760,14748769,Y:14748819:+_LeftNegative,+,IN,Left
510,Y,14752854,14752862,Y:14752812:+_RightNegative,+,IN,Right
511,Y,14752756,14752757,Y:14752807:-_LeftNegative,-,AI,Left
512,Y,14754524,14754525,Y:14754475:-_RightNegative,-,AI,Right
513,Y,14766616,14766618,Y:14766568:+_RightNegative,+,IN,Right
514,Y,14790326,14790329,Y:14790279:-_RightNegative,-,AI,Right
515,Y,14804232,14804243,Y:14804183:+_RightNegative,+,IN,Right
516,Y,14827852,14827853,Y:14827803:+_RightNegative,+,IN,Right
517,Y,14835671,14835672,Y:14835622:+_RightNegative,+,IN,Right
518,Y,14841561,14841562,Y:14841512:+_RightNegative,+,TE,Right
519,Y,14842690,14842696,Y:14842641:+_RightNegative,+,TE,Right
520,Y,14843981,14844033,Y:14843952:+_RightNegative,+,TE,Right
521,Y,14844972,14844994,Y:14844944:+_RightNegative,+,TE,Right
522,Y,14845596,14845616,Y:14845666:+_LeftNegative,+,TE,Left
523,Y,14846862,14846870,Y:14846920:+_LeftNegative,+,IG,Left
524,Y,14853581,14853582,Y:14853532:+_RightNegative,+,IG,Right
525,Y,14855421,14855426,Y:14855372:-_RightNegative,-,IG,Right
526,Y,14894662,14894663,Y:14894613:-_RightNegative,-,IG,Right
527,Y,14906642,14906643,Y:14906593:+_RightNegative,+,IG,Right
528,Y,14940636,14940638,Y:14940687:-_LeftNegative,-,DS,Left
529,Y,14974707,14974708,Y:14974658:-_RightNegative,-,IG,Right
530,Y,15026476,15026479,Y:15026427:-_RightNegative,-,IG,Right
531,Y,15026658,15026659,Y:15026709:+_LeftNegative,+,IG,Left
532,Y,15034761,15034762,Y:15034712:+_RightNegative,+,IG,Right
533,Y,15058221,15058222,Y:15058272:-_LeftNegative,-,IG,Left
534,Y,15072827,15072828,Y:15072778:-_RightNegative,-,IG,Right
535,Y,15121974,15121975,Y:15121925:-_RightNegative,-,IG,Right
536,Y,15138093,15138094,Y:15138144:+_LeftNegative,+,IG,Left
537,Y,15171348,15171349,Y:15171299:-_RightNegative,-,IG,Right
538,Y,15197207,15197208,Y:15197158:+_RightNegative,+,IG,Right
539,Y,15200395,15200396,Y:15200346:+_RightNegative,+,IG,Right
540,Y,15201501,15201502,Y:15201452:+_RightNegative,+,IG,Right
541,Y,15212949,15212950,Y:15212900:-_RightNegative,-,IG,Right
542,Y,15217248,15217250,Y:15217299:-_LeftNegative,-,IG,Left
543,Y,15245889,15245890,Y:15245840:-_RightNegative,-,IG,Right
544,Y,15325962,15325963,Y:15325913:-_RightNegative,-,IG,Right
545,Y,15432088,15432103,Y:15432153:+_LeftNegative,+,AI,Left
546,Y,15439884,15439885,Y:15439935:+_LeftNegative,+,AI,Left
547,Y,15466631,15466632,Y:15466682:-_LeftNegative,-,IG,Left
548,Y,15473684,15473685,Y:15473635:-_RightNegative,-,IG,Right
549,Y,15542079,15542080,Y:15542130:-_LeftNegative,-,IG,Left
550,Y,15577916,15577918,Y:15577968:-_LeftNegative,-,AI,Left
551,Y,15597122,15597123,Y:15597173:+_LeftNegative,+,IG,Left
552,Y,15622911,15622913,Y:15622963:-_LeftNegative,-,IG,Left
553,Y,15633314,15633315,Y:15633365:+_LeftNegative,+,IG,Left
554,Y,15657203,15657204,Y:15657254:+_LeftNegative,+,IG,Left
555,Y,15658511,15658512,Y:15658462:+_RightNegative,+,IG,Right
556,Y,15719109,15719110,Y:15719160:+_LeftNegative,+,IG,Left
557,Y,15750017,15750019,Y:15750068:-_LeftNegative,-,IG,Left
558,Y,15781693,15781695,Y:15781744:-_LeftNegative,-,IG,Left
559,Y,15784470,15784471,Y:15784521:+_LeftNegative,+,IG,Left
560,Y,15802336,15802337,Y:15802387:+_LeftNegative,+,IG,Left
561,Y,15802461,15802462,Y:15802412:+_RightNegative,+,IG,Right
562,Y,15820488,15820489,Y:15820539:+_LeftNegative,+,IG,Left
563,Y,15883021,15883036,Y:15882975:-_RightNegative,-,IG,Right
564,Y,15894723,15894724,Y:15894774:-_LeftNegative,-,IG,Left
565,Y,15896861,15896875,Y:15896825:+_RightNegative,+,IG,Right
566,Y,15936855,15936857,Y:15936906:+_LeftNegative,+,IG,Left
567,Y,15943396,15943398,Y:15943348:-_RightNegative,-,IG,Right
568,Y,15974730,15974731,Y:15974781:-_LeftNegative,-,IG,Left
569,Y,16015525,16015526,Y:16015476:-_RightNegative,-,IG,Right
570,Y,16032038,16032039,Y:16032089:+_LeftNegative,+,IG,Left
571,Y,16123865,16123866,Y:16123816:+_RightNegative,+,IG,Right
572,Y,16156969,16156970,Y:16157020:+_LeftNegative,+,IG,Left
573,Y,16204269,16204270,Y:16204220:-_RightNegative,-,IG,Right
574,Y,16272729,16272730,Y:16272680:+_RightNegative,+,IG,Right
575,Y,16278678,16278679,Y:16278729:-_LeftNegative,-,IG,Left
576,Y,16290130,16290131,Y:16290181:-_LeftNegative,-,IG,Left
577,Y,16302042,16302043,Y:16302093:+_LeftNegative,+,IG,Left
578,Y,16358883,16358884,Y:16358934:+_LeftNegative,+,IG,Left
579,Y,16381008,16381009,Y:16381059:-_LeftNegative,-,IG,Left
580,Y,16391261,16391262,Y:16391312:-_LeftNegative,-,IG,Left
581,Y,16398887,16398888,Y:16398838:-_RightNegative,-,IG,Right
582,Y,16448311,16448312,Y:16448262:-_RightNegative,-,IG,Right
583,Y,16492290,16492292,Y:16492341:-_LeftNegative,-,IG,Left
584,Y,16504796,16504797,Y:16504747:+_RightNegative,+,IG,Right
585,Y,16508548,16508549,Y:16508599:-_LeftNegative,-,IG,Left
586,Y,16519647,16519648,Y:16519598:-_RightNegative,-,IG,Right
587,Y,16535749,16535751,Y:16535701:-_RightNegative,-,IG,Right
588,Y,16583958,16583959,Y:16584009:-_LeftNegative,-,IG,Left
589,Y,16663548,16663549,Y:16663599:+_LeftNegative,+,IG,Left
590,Y,16738482,16738485,Y:16738533:+_LeftNegative,+,IG,Left
591,Y,16780983,16780988,Y:16781034:-_LeftNegative,-,IG,Left
592,Y,16831834,16831838,Y:16831785:+_RightNegative,+,IG,Right
593,Y,16840976,16840980,Y:16841027:+_LeftNegative,+,IG,Left
594,Y,16864881,16864882,Y:16864932:+_LeftNegative,+,IG,Left
595,Y,16945271,16945272,Y:16945222:-_RightNegative,-,IG,Right
596,Y,16952809,16952810,Y:16952760:+_RightNegative,+,IG,Right
597,Y,16963062,16963063,Y:16963013:+_RightNegative,+,IG,Right
598,Y,16969676,16969677,Y:16969627:-_RightNegative,-,IG,Right
599,Y,16978231,16978232,Y:16978182:+_RightNegative,+,IG,Right
600,Y,16991051,16991052,Y:16991102:+_LeftNegative,+,IG,Left
601,Y,16995897,16995899,Y:16995949:-_LeftNegative,-,IG,Left
602,Y,17012772,17012773,Y:17012823:-_LeftNegative,-,IG,Left
603,Y,17020071,17020073,Y:17020022:-_RightNegative,-,IG,Right
604,Y,17030129,17030130,Y:17030180:-_LeftNegative,-,IG,Left
605,Y,17075015,17075016,Y:17074966:+_RightNegative,+,IG,Right
606,Y,17117083,17117084,Y:17117034:+_RightNegative,+,IG,Right
607,Y,17142184,17142185,Y:17142135:+_RightNegative,+,IG,Right
608,Y,17147545,17147546,Y:17147596:+_LeftNegative,+,IG,Left
609,Y,17151718,17151719,Y:17151769:+_LeftNegative,+,IG,Left
610,Y,17229155,17229156,Y:17229106:+_RightNegative,+,IG,Right
611,Y,17255398,17255399,Y:17255449:+_LeftNegative,+,IG,Left
612,Y,17257402,17257403,Y:17257353:+_RightNegative,+,IG,Right
613,Y,17292942,17292943,Y:17292993:-_LeftNegative,-,IG,Left
614,Y,17319690,17319691,Y:17319741:+_LeftNegative,+,IG,Left
615,Y,17330779,17330780,Y:17330830:-_LeftNegative,-,IG,Left
616,Y,17360819,17360820,Y:17360870:+_LeftNegative,+,IG,Left
617,Y,17375089,17375090,Y:17375040:-_RightNegative,-,IG,Right
618,Y,17395688,17395689,Y:17395639:-_RightNegative,-,IG,Right
619,Y,17395607,17395608,Y:17395658:+_LeftNegative,+,IG,Left
620,Y,17409985,17409986,Y:17410036:-_LeftNegative,-,IG,Left
621,Y,17506749,17506750,Y:17506800:-_LeftNegative,-,AI,Left
622,Y,17534958,17534960,Y:17535010:-_LeftNegative,-,IG,Left
623,Y,17587953,17587956,Y:17587905:-_RightNegative,-,IG,Right
624,Y,17614273,17614274,Y:17614324:+_LeftNegative,+,IG,Left
625,Y,17626410,17626411,Y:17626461:-_LeftNegative,-,IG,Left
626,Y,17646954,17646955,Y:17646905:-_RightNegative,-,IG,Right
627,Y,17682936,17682937,Y:17682987:-_LeftNegative,-,IG,Left
628,Y,18091932,18091933,Y:18091983:-_LeftNegative,-,IN,Left
629,Y,18117014,18117016,Y:18117066:+_LeftNegative,+,EX,Left
630,Y,18232489,18232490,Y:18232440:+_RightNegative,+,IG,Right
631,Y,18269684,18269685,Y:18269735:+_LeftNegative,+,IG,Left
632,Y,18322130,18322131,Y:18322081:-_RightNegative,-,IG,Right
633,Y,18398605,18398606,Y:18398556:-_RightNegative,-,IN,Right
634,Y,18455909,18455910,Y:18455860:+_RightNegative,+,AI,Right
635,Y,18561913,18561919,Y:18561969:+_LeftNegative,+,IN,Left
636,Y,18580336,18580343,Y:18580393:+_LeftNegative,+,IN,Left
637,Y,18643584,18643585,Y:18643635:-_LeftNegative,-,IG,Left
638,Y,18643776,18643782,Y:18643732:+_RightNegative,+,IG,Right
639,Y,18675711,18675712,Y:18675762:+_LeftNegative,+,IN,Left
640,Y,18681635,18681636,Y:18681586:-_RightNegative,-,AI,Right
641,Y,18686396,18686397,Y:18686347:-_RightNegative,-,AI,Right
642,Y,18687895,18687896,Y:18687846:+_RightNegative,+,IN,Right
643,Y,18739959,18739960,Y:18740010:-_LeftNegative,-,IN,Left
644,Y,18771764,18771765,Y:18771815:-_LeftNegative,-,TE,Left
645,Y,18776476,18776477,Y:18776427:+_RightNegative,+,AI,Right
646,Y,18789393,18789394,Y:18789444:+_LeftNegative,+,AI,Left
647,Y,18821393,18821403,Y:18821444:-_LeftNegative,-,IN,Left
648,Y,18852006,18852007,Y:18851957:+_RightNegative,+,EX,Right
649,Y,18856257,18856258,Y:18856208:-_RightNegative,-,IN,Right
650,Y,18872452,18872453,Y:18872503:-_LeftNegative,-,TE,Left
651,Y,18877921,18877922,Y:18877872:+_RightNegative,+,AE,Right
652,Y,18907966,18907967,Y:18908017:+_LeftNegative,+,AI,Left
653,Y,18914307,18914308,Y:18914258:+_RightNegative,+,AI,Right
654,Y,18918727,18918729,Y:18918679:-_RightNegative,-,IN,Right
655,Y,18919572,18919573,Y:18919523:-_RightNegative,-,IN,Right
656,Y,18927957,18927958,Y:18928008:-_LeftNegative,-,EX,Left
657,Y,18932054,18932056,Y:18932005:-_RightNegative,-,TE,Right
658,Y,18932626,18932658,Y:18932682:-_LeftNegative,-,TE,Left
659,Y,18944046,18944047,Y:18943997:+_RightNegative,+,AI,Right
660,Y,18944058,18944059,Y:18944109:-_LeftNegative,-,IN,Left
661,Y,18968714,18968716,Y:18968765:+_LeftNegative,+,AI,Left
662,Y,18978382,18978383,Y:18978433:-_LeftNegative,-,IN,Left
663,Y,18983350,18983351,Y:18983301:-_RightNegative,-,IN,Right
664,Y,18990575,18990576,Y:18990626:-_LeftNegative,-,IN,Left
665,Y,18992152,18992160,Y:18992105:-_RightNegative,-,IN,Right
666,Y,19005369,19005371,Y:19005420:-_LeftNegative,-,IN,Left
667,Y,19024358,19024362,Y:19024409:-_LeftNegative,-,IN,Left
668,Y,19068025,19068026,Y:19067976:-_RightNegative,-,IN,Right
669,Y,19080312,19080313,Y:19080263:+_RightNegative,+,IG,Right
670,Y,19087008,19087012,Y:19087060:+_LeftNegative,+,IG,Left
671,Y,19087896,19087898,Y:19087947:+_LeftNegative,+,IG,Left
672,Y,19120985,19120988,Y:19120936:-_RightNegative,-,IG,Right
673,Y,19192114,19192115,Y:19192165:+_LeftNegative,+,IG,Left
674,Y,19195128,19195129,Y:19195079:+_RightNegative,+,IG,Right
675,Y,19202526,19202527,Y:19202577:-_LeftNegative,-,IG,Left
676,Y,19220117,19220118,Y:19220068:+_RightNegative,+,IG,Right
677,Y,19243919,19243920,Y:19243970:+_LeftNegative,+,IG,Left
678,Y,19253112,19253113,Y:19253063:-_RightNegative,-,DS,Right
679,Y,19269907,19269908,Y:19269958:-_LeftNegative,-,IG,Left
680,Y,19276941,19276943,Y:19276893:-_RightNegative,-,IG,Right
681,Y,19283558,19283561,Y:19283611:-_LeftNegative,-,IG,Left
682,Y,19292970,19292971,Y:19292921:+_RightNegative,+,IG,Right
683,Y,19311596,19311597,Y:19311647:-_LeftNegative,-,IG,Left
684,Y,19348362,19348363,Y:19348313:-_RightNegative,-,IG,Right
685,Y,19370563,19370564,Y:19370614:+_LeftNegative,+,IG,Left
686,Y,19371246,19371247,Y:19371197:-_RightNegative,-,IG,Right
687,Y,19382478,19382479,Y:19382429:-_RightNegative,-,IG,Right
688,Y,19388006,19388007,Y:19388057:-_LeftNegative,-,IG,Left
689,Y,19398384,19398385,Y:19398335:-_RightNegative,-,IG,Right
690,Y,19413967,19413968,Y:19413918:+_RightNegative,+,IG,Right
691,Y,19432621,19432623,Y:19432572:-_RightNegative,-,IG,Right
692,Y,19434660,19434662,Y:19434712:+_LeftNegative,+,IG,Left
693,Y,19455379,19455381,Y:19455430:-_LeftNegative,-,TE,Left
694,Y,19456967,19456968,Y:19457018:-_LeftNegative,-,IN,Left
695,Y,19466820,19466822,Y:19466871:-_LeftNegative,-,EX,Left
696,Y,19480917,19480918,Y:19480868:+_RightNegative,+,AI,Right
697,Y,19524729,19524730,Y:19524680:-_RightNegative,-,IN,Right
698,Y,19547321,19547322,Y:19547272:-_RightNegative,-,IN,Right
699,Y,19550714,19550731,Y:19550771:-_LeftNegative,-,IN,Left
700,Y,19551302,19551303,Y:19551253:-_RightNegative,-,IN,Right
701,Y,19553944,19553960,Y:19553902:-_RightNegative,-,IN,Right
702,Y,19555341,19555351,Y:19555392:-_LeftNegative,-,TE,Left
703,Y,19555651,19555652,Y:19555602:+_RightNegative,+,AE,Right
704,Y,19589773,19589805,Y:19589847:+_LeftNegative,+,TE,Left
705,Y,19590144,19590192,Y:19590242:+_LeftNegative,+,TE,Left
706,Y,19590459,19590483,Y:19590433:+_RightNegative,+,TE,Right
707,Y,19590779,19590780,Y:19590730:+_RightNegative,+,IN,Right
708,Y,19594002,19594033,Y:19594073:+_LeftNegative,+,TE,Left
709,Y,19594197,19594220,Y:19594170:+_RightNegative,+,TE,Right
710,Y,19595680,19595681,Y:19595731:-_LeftNegative,-,AE,Left
711,Y,19596057,19596095,Y:19596127:+_LeftNegative,+,EX,Left
712,Y,19596232,19596233,Y:19596183:+_RightNegative,+,EX,Right
713,Y,19597558,19597570,Y:19597617:+_LeftNegative,+,EX,Left
714,Y,19599874,19599876,Y:19599825:+_RightNegative,+,EX,Right
715,Y,19604160,19604183,Y:19604214:-_LeftNegative,-,AE,Left
716,Y,19604262,19604276,Y:19604224:+_RightNegative,+,TE,Right
717,Y,19604587,19604620,Y:19604557:+_RightNegative,+,TE,Right
718,Y,19604930,19604931,Y:19604881:+_RightNegative,+,TE,Right
719,Y,19605547,19605569,Y:19605512:+_RightNegative,+,TE,Right
720,Y,19605738,19605770,Y:19605814:+_LeftNegative,+,TE,Left
721,Y,19605883,19605884,Y:19605934:+_LeftNegative,+,TE,Left
722,Y,19606030,19606031,Y:19605981:+_RightNegative,+,TE,Right
723,Y,19606115,19606142,Y:19606092:+_RightNegative,+,TE,Right
724,Y,19607104,19607123,Y:19607163:+_LeftNegative,+,DS,Left
725,Y,19609780,19609807,Y:19609844:+_LeftNegative,+,IG,Left
726,Y,19611982,19611983,Y:19612033:+_LeftNegative,+,IG,Left
727,Y,19621442,19621443,Y:19621493:-_LeftNegative,-,IG,Left
728,Y,19677985,19677986,Y:19678036:-_LeftNegative,-,IG,Left
729,Y,19691862,19691863,Y:19691913:+_LeftNegative,+,IG,Left
730,Y,19691970,19692016,Y:19691945:-_RightNegative,-,TE,Right
731,Y,19692007,19692038,Y:19691971:+_RightNegative,+,IG,Right
732,Y,19692421,19692446,Y:19692472:-_LeftNegative,-,TE,Left
733,Y,19698896,19698904,Y:19698854:-_RightNegative,-,IG,Right
734,Y,19699519,19699525,Y:19699573:-_LeftNegative,-,IG,Left
735,Y,19699656,19699723,Y:19699635:-_RightNegative,-,IG,Right
736,Y,19702207,19702208,Y:19702258:-_LeftNegative,-,IG,Left
737,Y,19703811,19703837,Y:19703867:-_LeftNegative,-,TE,Left
738,Y,19704625,19704661,Y:19704676:-_LeftNegative,-,TE,Left
739,Y,19704851,19704852,Y:19704802:-_RightNegative,-,TE,Right
740,Y,19705360,19705390,Y:19705425:-_LeftNegative,-,TE,Left
741,Y,19705393,19705394,Y:19705444:+_LeftNegative,+,AE,Left
742,Y,19705507,19705537,Y:19705487:+_RightNegative,+,AE,Right
743,Y,19705633,19705676,Y:19705606:-_RightNegative,-,TE,Right
744,Y,19705618,19705630,Y:19705673:+_LeftNegative,+,AE,Left
745,Y,19705921,19705922,Y:19705872:+_RightNegative,+,AE,Right
746,Y,19710046,19710047,Y:19709997:-_RightNegative,-,TE,Right
747,Y,19710203,19710204,Y:19710154:-_RightNegative,-,TE,Right
748,Y,19712236,19712237,Y:19712187:-_RightNegative,-,IN,Right
749,Y,19725919,19725920,Y:19725870:+_RightNegative,+,AI,Right
750,Y,19728864,19728865,Y:19728815:+_RightNegative,+,AI,Right
751,Y,19729498,19729508,Y:19729557:-_LeftNegative,-,IN,Left
752,Y,19732783,19732784,Y:19732734:-_RightNegative,-,EX,Right
753,Y,19732991,19732992,Y:19732942:-_RightNegative,-,IN,Right
754,Y,19736289,19736314,Y:19736340:-_LeftNegative,-,IN,Left
755,Y,19736333,19736334,Y:19736384:+_LeftNegative,+,AI,Left
756,Y,19757336,19757337,Y:19757287:+_RightNegative,+,IG,Right
757,Y,19763658,19763679,Y:19763729:+_LeftNegative,+,IG,Left
758,Y,19784608,19784609,Y:19784559:+_RightNegative,+,IG,Right
759,Y,19811496,19811497,Y:19811447:-_RightNegative,-,IG,Right
760,Y,19875589,19875590,Y:19875540:+_RightNegative,+,IG,Right
761,Y,19876129,19876130,Y:19876080:-_RightNegative,-,IG,Right
762,Y,19901472,19901473,Y:19901423:+_RightNegative,+,IG,Right
763,Y,19904062,19904063,Y:19904013:-_RightNegative,-,IG,Right
764,Y,19926732,19926733,Y:19926683:+_RightNegative,+,IG,Right
765,Y,19941850,19941851,Y:19941901:-_LeftNegative,-,IG,Left
766,Y,19969942,19969943,Y:19969893:+_RightNegative,+,IG,Right
767,Y,19976129,19976130,Y:19976180:-_LeftNegative,-,IG,Left
768,Y,19976300,19976301,Y:19976351:-_LeftNegative,-,IG,Left
769,Y,19976342,19976343,Y:19976393:+_LeftNegative,+,IG,Left
770,Y,20017440,20017441,Y:20017491:+_LeftNegative,+,IG,Left
771,Y,20023851,20023852,Y:20023802:+_RightNegative,+,IG,Right
772,Y,20024735,20024736,Y:20024786:-_LeftNegative,-,IG,Left
773,Y,20047596,20047597,Y:20047647:-_LeftNegative,-,IG,Left
774,Y,20357586,20357587,Y:20357537:+_RightNegative,+,IG,Right
775,Y,20374506,20374507,Y:20374557:+_LeftNegative,+,IG,Left
776,Y,20388515,20388516,Y:20388466:-_RightNegative,-,IG,Right
777,Y,20395701,20395702,Y:20395752:-_LeftNegative,-,AE,Left
778,Y,20397374,20397380,Y:20397325:-_RightNegative,-,IG,Right
779,Y,20428133,20428138,Y:20428188:-_LeftNegative,-,IG,Left
780,Y,20433154,20433157,Y:20433107:-_RightNegative,-,IG,Right
781,Y,20435978,20435979,Y:20435929:-_RightNegative,-,IG,Right
782,Y,20436491,20436492,Y:20436442:+_RightNegative,+,IG,Right
783,Y,20443498,20443499,Y:20443549:+_LeftNegative,+,IG,Left
784,Y,20446123,20446124,Y:20446174:-_LeftNegative,-,IG,Left
785,Y,20448193,20448194,Y:20448144:-_RightNegative,-,IG,Right
786,Y,20455476,20455483,Y:20455427:-_RightNegative,-,IG,Right
787,Y,20455892,20455893,Y:20455943:-_LeftNegative,-,IG,Left
788,Y,20462415,20462416,Y:20462366:-_RightNegative,-,IG,Right
789,Y,20465279,20465280,Y:20465330:-_LeftNegative,-,DS,Left
790,Y,20465396,20465405,Y:20465447:-_LeftNegative,-,DS,Left
791,Y,20471994,20471995,Y:20472045:-_LeftNegative,-,IN,Left
792,Y,20485271,20485273,Y:20485323:+_LeftNegative,+,AI,Left
793,Y,20490770,20490771,Y:20490721:-_RightNegative,-,IN,Right
794,Y,20500342,20500343,Y:20500393:-_LeftNegative,-,IN,Left
795,Y,20500474,20500475,Y:20500425:-_RightNegative,-,IN,Right
796,Y,20513764,20513765,Y:20513715:-_RightNegative,-,IN,Right
797,Y,20519945,20519946,Y:20519896:+_RightNegative,+,AI,Right
798,Y,20548569,20548570,Y:20548620:-_LeftNegative,-,IN,Left
799,Y,20562029,20562030,Y:20562080:-_LeftNegative,-,IN,Left
800,Y,20578054,20578055,Y:20578105:+_LeftNegative,+,IN,Left
801,Y,20579679,20579680,Y:20579630:+_RightNegative,+,EX,Right
802,Y,20582550,20582566,Y:20582606:+_LeftNegative,+,EX,Left
803,Y,20582714,20582728,Y:20582678:+_RightNegative,+,EX,Right
804,Y,20589510,20589511,Y:20589561:+_LeftNegative,+,EX,Left
805,Y,20592472,20592499,Y:20592523:-_LeftNegative,-,AE,Left
806,Y,20592502,20592507,Y:20592553:+_LeftNegative,+,TE,Left
807,Y,20592618,20592619,Y:20592569:-_RightNegative,-,AE,Right
808,Y,20592693,20592721,Y:20592671:+_RightNegative,+,TE,Right
809,Y,20592922,20592923,Y:20592973:+_LeftNegative,+,TE,Left
810,Y,20593057,20593060,Y:20593109:-_LeftNegative,-,AE,Left
811,Y,20593182,20593183,Y:20593133:-_RightNegative,-,AE,Right
812,Y,20593096,20593113,Y:20593163:+_LeftNegative,+,TE,Left
813,Y,20595859,20595860,Y:20595810:+_RightNegative,+,IG,Right
814,Y,20608940,20608941,Y:20608891:-_RightNegative,-,IG,Right
815,Y,20728101,20728105,Y:20728152:-_LeftNegative,-,IN,Left
816,Y,20781025,20781041,Y:20781091:+_LeftNegative,+,DS,Left
817,Y,20811008,20811009,Y:20810959:+_RightNegative,+,AI,Right
818,Y,20828430,20828431,Y:20828481:+_LeftNegative,+,IG,Left
819,Y,20830886,20830887,Y:20830937:-_LeftNegative,-,IG,Left
820,Y,20831014,20831015,Y:20831065:+_LeftNegative,+,IG,Left
821,Y,20835102,20835103,Y:20835153:+_LeftNegative,+,IG,Left
822,Y,20842010,20842011,Y:20841961:+_RightNegative,+,IG,Right
823,Y,20863335,20863336,Y:20863386:+_LeftNegative,+,IG,Left
824,Y,20892535,20892541,Y:20892486:-_RightNegative,-,IG,Right
825,Y,20907107,20907108,Y:20907158:-_LeftNegative,-,DS,Left
826,Y,20909506,20909507,Y:20909557:-_LeftNegative,-,IG,Left
827,Y,20939336,20939337,Y:20939287:-_RightNegative,-,IG,Right
828,Y,20961214,20961215,Y:20961165:-_RightNegative,-,IG,Right
829,Y,21005792,21005793,Y:21005843:-_LeftNegative,-,IG,Left
830,Y,21037519,21037521,Y:21037471:-_RightNegative,-,DS,Right
831,Y,21096454,21096455,Y:21096505:+_LeftNegative,+,IG,Left
832,Y,21101380,21101381,Y:21101431:-_LeftNegative,-,IG,Left
833,Y,21107481,21107482,Y:21107532:-_LeftNegative,-,IG,Left
834,Y,21109907,21109908,Y:21109858:+_RightNegative,+,IG,Right
835,Y,21133705,21133721,Y:21133656:-_RightNegative,-,IG,Right
836,Y,21134324,21134325,Y:21134275:-_RightNegative,-,IG,Right
837,Y,21138717,21138718,Y:21138668:-_RightNegative,-,IG,Right
838,Y,21170576,21170578,Y:21170627:+_LeftNegative,+,IG,Left
839,Y,21173019,21173029,Y:21172971:+_RightNegative,+,IG,Right
840,Y,21207702,21207713,Y:21207663:-_RightNegative,-,IG,Right
841,Y,21231807,21231840,Y:21231773:+_RightNegative,+,IG,Right
842,Y,21240305,21240327,Y:21240256:-_RightNegative,-,IG,Right
843,Y,21249187,21249193,Y:21249243:-_LeftNegative,-,IG,Left
844,Y,21254391,21254421,Y:21254365:+_RightNegative,+,IG,Right
845,Y,21257601,21257602,Y:21257652:-_LeftNegative,-,IG,Left
846,Y,21257726,21257746,Y:21257696:+_RightNegative,+,IG,Right
847,Y,21257742,21257748,Y:21257697:-_RightNegative,-,IG,Right
848,Y,21257845,21257874,Y:21257918:+_LeftNegative,+,IG,Left
849,Y,21261129,21261130,Y:21261180:+_LeftNegative,+,IG,Left
850,Y,21277271,21277272,Y:21277322:-_LeftNegative,-,IG,Left
851,Y,21279100,21279130,Y:21279172:+_LeftNegative,+,IG,Left
852,Y,21282967,21282969,Y:21283018:-_LeftNegative,-,IG,Left
853,Y,21291652,21291653,Y:21291703:-_LeftNegative,-,IG,Left
854,Y,21292050,21292076,Y:21292021:+_RightNegative,+,IG,Right
855,Y,21311191,21311192,Y:21311242:-_LeftNegative,-,AU,Left
856,Y,21319026,21319027,Y:21319077:+_LeftNegative,+,DS,Left
857,Y,21365954,21365955,Y:21365905:+_RightNegative,+,IG,Right
858,Y,21381855,21381861,Y:21381906:-_LeftNegative,-,IG,Left
859,Y,21382377,21382393,Y:21382328:-_RightNegative,-,DS,Right
860,Y,21382673,21382674,Y:21382624:-_RightNegative,-,DS,Right
861,Y,21383438,21383439,Y:21383389:-_RightNegative,-,IN,Right
862,Y,21455851,21455852,Y:21455902:-_LeftNegative,-,IG,Left
863,Y,21460283,21460284,Y:21460234:+_RightNegative,+,IG,Right
864,Y,21604649,21604650,Y:21604600:-_RightNegative,-,IN,Right
865,Y,21607095,21607096,Y:21607046:+_RightNegative,+,IG,Right
866,Y,21610040,21610041,Y:21609991:-_RightNegative,-,IG,Right
867,Y,21640493,21640494,Y:21640544:-_LeftNegative,-,IG,Left
868,Y,21646060,21646061,Y:21646011:+_RightNegative,+,IG,Right
869,Y,21729437,21729438,Y:21729388:-_RightNegative,-,IG,Right
870,Y,21754520,21754521,Y:21754471:+_RightNegative,+,IG,Right
871,Y,21817701,21817702,Y:21817752:+_LeftNegative,+,AE,Left
872,Y,21828261,21828262,Y:21828312:-_LeftNegative,-,AI,Left
873,Y,21831030,21831031,Y:21830981:+_RightNegative,+,IN,Right
874,Y,21839203,21839220,Y:21839155:+_RightNegative,+,EX,Right
875,Y,21871310,21871311,Y:21871261:-_RightNegative,-,AU,Right
876,Y,21992940,21992941,Y:21992891:+_RightNegative,+,IN,Right
877,Y,22026746,22026747,Y:22026797:+_LeftNegative,+,IG,Left
878,Y,22120592,22120593,Y:22120543:-_RightNegative,-,IN,Right
879,Y,22164578,22164579,Y:22164629:-_LeftNegative,-,IG,Left
880,Y,22171774,22171775,Y:22171825:+_LeftNegative,+,AI,Left
881,Y,22219753,22219754,Y:22219704:+_RightNegative,+,IG,Right
882,Y,22226677,22226678,Y:22226728:-_LeftNegative,-,IG,Left
883,Y,22234790,22234796,Y:22234841:-_LeftNegative,-,IG,Left
884,Y,22247441,22247442,Y:22247492:-_LeftNegative,-,IG,Left
885,Y,22289458,22289459,Y:22289509:+_LeftNegative,+,IG,Left
886,Y,22333216,22333221,Y:22333171:+_RightNegative,+,DS,Right
887,Y,22356431,22356432,Y:22356482:-_LeftNegative,-,IG,Left
888,Y,22359645,22359651,Y:22359596:-_RightNegative,-,IG,Right
889,Y,22363333,22363334,Y:22363284:+_RightNegative,+,IG,Right
890,Y,22737832,22737833,Y:22737883:-_LeftNegative,-,IG,Left
891,Y,23094675,23094676,Y:23094726:+_LeftNegative,+,IG,Left
892,Y,23100163,23100164,Y:23100214:-_LeftNegative,-,IG,Left
893,Y,23188191,23188192,Y:23188142:+_RightNegative,+,AI,Right
894,Y,23258032,23258033,Y:23258083:-_LeftNegative,-,AI,Left
895,Y,23374081,23374082,Y:23374132:-_LeftNegative,-,IG,Left
896,Y,23425069,23425070,Y:23425120:+_LeftNegative,+,IG,Left
897,Y,23511791,23511792,Y:23511842:-_LeftNegative,-,IG,Left
898,Y,23730107,23730108,Y:23730158:-_LeftNegative,-,IG,Left
899,Y,23839182,23839183,Y:23839233:-_LeftNegative,-,IG,Left
900,Y,23867910,23867911,Y:23867861:+_RightNegative,+,IG,Right
901,Y,23920162,23920187,Y:23920213:-_LeftNegative,-,AI,Left
902,Y,23932962,23932963,Y:23932913:-_RightNegative,-,IG,Right
903,Y,24139885,24139886,Y:24139936:-_LeftNegative,-,IG,Left
904,Y,24175358,24175364,Y:24175312:-_RightNegative,-,IG,Right
905,Y,24229717,24229718,Y:24229668:-_RightNegative,-,IG,Right
906,Y,24252370,24252371,Y:24252421:-_LeftNegative,-,IG,Left
907,Y,24269551,24269552,Y:24269602:-_LeftNegative,-,IG,Left
908,Y,25000934,25000935,Y:25000885:-_RightNegative,-,IG,Right
909,Y,25173574,25173575,Y:25173625:-_LeftNegative,-,AU,Left
910,Y,25266493,25266494,Y:25266544:-_LeftNegative,-,AU,Left
911,Y,25296684,25296685,Y:25296635:-_RightNegative,-,IG,Right
912,Y,25377423,25377424,Y:25377474:-_LeftNegative,-,DS,Left
913,Y,25400492,25400494,Y:25400543:+_LeftNegative,+,IG,Left
914,Y,25492979,25492980,Y:25492930:-_RightNegative,-,IG,Right
915,Y,25723579,25723580,Y:25723630:+_LeftNegative,+,EX,Left
916,Y,25724297,25724298,Y:25724348:+_LeftNegative,+,DS,Left
917,Y,25730171,25730172,Y:25730222:-_LeftNegative,-,IN,Left
918,Y,25815265,25815267,Y:25815216:-_RightNegative,-,IG,Right
919,Y,25953691,25953692,Y:25953642:-_RightNegative,-,AE,Right
920,Y,26011055,26011056,Y:26011106:-_LeftNegative,-,AU,Left
921,Y,26222020,26222021,Y:26222071:-_LeftNegative,-,IG,Left
922,Y,26293062,26293063,Y:26293013:-_RightNegative,-,IN,Right
923,Y,26309143,26309145,Y:26309094:-_RightNegative,-,IN,Right
924,Y,26328386,26328387,Y:26328437:+_LeftNegative,+,AI,Left
925,Y,26348412,26348413,Y:26348463:-_LeftNegative,-,EX,Left
926,Y,26390387,26390409,Y:26390439:-_LeftNegative,-,IG,Left
927,Y,26442800,26442801,Y:26442851:-_LeftNegative,-,IG,Left
928,Y,26483144,26483161,Y:26483095:-_RightNegative,-,IG,Right
929,Y,26545716,26545717,Y:26545767:+_LeftNegative,+,IN,Left
930,Y,26576252,26576253,Y:26576303:+_LeftNegative,+,IN,Left
931,Y,26610652,26610653,Y:26610703:+_LeftNegative,+,AI,Left
932,Y,26622606,26622607,Y:26622557:-_RightNegative,-,EX,Right
933,Y,26626022,26626023,Y:26626073:-_LeftNegative,-,IN,Left
934,Y,56728117,56728123,Y:56728173:+_LeftNegative,+,IG,Left
935,Y,56734854,56734865,Y:56734815:+_RightNegative,+,IG,Right
936,Y,56822680,56822681,Y:56822631:-_RightNegative,-,IG,Right
937,Y,56856715,56856716,Y:56856666:+_RightNegative,+,IG,Right
